STT	Vị trí hiển thị trên màn hình	Tên trường thông tin (Field Name)	Ví dụ hiển thị thực tế trên giao diện	Ý nghĩa của trường (Nghiệp vụ & Người dùng)	Công thức tính toán (Thuật ngữ người dùng / Logic nghiệp vụ)	Quy tắc nghiệp vụ & Điều kiện áp dụng (Business Rules)
1	Thẻ thứ 1 (Bên trái) - Khối Báo Cáo Hành Vi & Thời Lượng Tương Tác Người Dùng (Tab 2)	TỶ LỆ GIỮ CHÂN NGƯỜI DÙNG (Retention Rate)	58.4% (▲ +4.2% so với kỳ trước)	Đo lường năng lực giữ chân khán giả của PineDrama trong kỳ báo cáo: Thể hiện tỷ lệ phần trăm người xem phim có hành vi quay trở lại mở ứng dụng và tiếp tục xem phim trong các ngày tiếp theo của kỳ lọc đã chọn. Phản ánh trực tiếp độ hấp dẫn của nội dung và hiệu quả giữ chân người xem.	"1. Công thức chỉ số chính (%):
Tỷ lệ giữ chân người dùng (%) = (Số lượng người dùng quay lại / Tổng số người dùng Active trong kỳ) × 100%
• Mẫu số: Số Unique Users có ít nhất 1 phiên xem phim trong kỳ lọc.
• Tử số: Số Unique Users có phát sinh xem phim ở ít nhất 2 ngày khác nhau trở lên trong kỳ lọc.
* Trường hợp lọc 1 ngày (D-1): Áp dụng chuẩn D1 Retention: Tỷ lệ D1 (%) = (Số User mới ngày D0 mở lại app ngày D+1 / Tổng User mới ngày D0) × 100%

2. Công thức biến động so với kỳ trước:
Biến động (%) = Tỷ lệ giữ chân kỳ này (%) - Tỷ lệ giữ chân kỳ trước liền kề (%) (Điểm phần trăm)
• Ví dụ: Kỳ này (10/08 - 20/08: 11 ngày) đạt 58.4%, kỳ liền kề trước đó đạt 54.2% ➔ Biến động: +4.2%"	"• Quy tắc màu sắc: Tỷ lệ ≥ 50% hiển thị màu xanh lá neon #00e676 (Mức Tốt / Xuất sắc); 40% ≤ Tỷ lệ < 50% hiển thị màu vàng/cam (Trung bình); Tỷ lệ < 40% hiển thị màu đỏ (Cảnh báo).
• Quy tắc biến động: Tăng hiển thị icon ▲ dấu + màu xanh lá; Giảm hiển thị icon ▼ dấu - màu đỏ.
• Điều kiện: Chốt số liệu sau khi kết thúc 23:59:59 của ngày cuối cùng trong kỳ. Làm tròn 1 chữ số thập phân (58.4%)."
2	Thẻ thứ 2 (Bên phải) - Khối Báo Cáo Hành Vi & Thời Lượng Tương Tác Người Dùng (Tab 2)	THỜI GIAN XEM TRUNG BÌNH (Average Daily Watch Time)	48.5 Phút / Ngày (▲ +6.5 phút so với kỳ trước)	Khắc họa mức độ nghiện phim và tiêu thụ nội dung hàng ngày của khán giả: Trung bình mỗi ngày một khán giả xem phim dành ra bao nhiêu phút trên PineDrama. Chỉ số này càng cao chứng tỏ khán giả có thói quen xem liên tục nhiều tập phim (cày phim - Binge-watching).	"1. Công thức chỉ số chính (Phút/Ngày):
Thời gian xem TB (Phút/Ngày) = (Tổng số phút xem video của tất cả người dùng trong kỳ) / (Tổng số lượt User-Day hoạt động trong kỳ)
• Tổng số phút xem: Tổng thời lượng phát video thực tế của tất cả khán giả trong kỳ (phút).
• Tổng số lượt User-Day: Tổng cộng số ngày có xem phim của từng người dùng trong kỳ.
• Ví dụ: Kỳ lọc 11 ngày có tổng 6,052,800 phút xem và 124,800 lượt User-Day ➔ TB = 6,052,800 / 124,800 = 48.5 Phút/Ngày.

2. Công thức biến động so với kỳ trước:
Biến động (phút) = Thời gian xem TB kỳ này - Thời gian xem TB kỳ trước liền kề
• Ví dụ: Kỳ này 48.5 phút/ngày, kỳ trước 42.0 phút/ngày ➔ Biến động: +6.5 phút."	"• Chuẩn ngành phim ngắn: ≥ 40 Phút/Ngày là mức Rất cao; 25 - 40 Phút/Ngày là Khá/Ổn định; < 25 Phút/Ngày là Thấp.
• Chống treo máy: Phiên xem liên tục không tương tác sau 3 giờ sẽ ngưng tính thời lượng từ phút 181 để tránh sai lệch do ngủ quên/treo máy.
• Hiển thị: Làm tròn 1 chữ số thập phân, biến động hiển thị màu xanh dương neon #40c4ff."
